,outlier_count,outlier_pct
Degree of Financial Leverage (DFL),1503,22.04
Interest Coverage Ratio (Interest expense to EBIT),1421,20.84
Fixed Assets Turnover Frequency,1418,20.79
Current Asset Turnover Rate,1399,20.52
Total Asset Growth Rate,1381,20.25
Interest Expense Ratio,1362,19.97
Cash Flow to Liability,1212,17.77
No-credit Interval,1139,16.7
Non-industry income and expenditure/revenue,1094,16.04
Cash Flow to Sales,1052,15.43
Continuous Net Profit Growth Rate,1042,15.28
After-tax Net Profit Growth Rate,1033,15.15
Regular Net Profit Growth Rate,1030,15.1
Operating Profit Growth Rate,1008,14.78
Inventory/Working Capital,944,13.84
Contingent liabilities/Net worth,942,13.81
Cash Flow to Total Assets,878,12.88
Operating profit per person,876,12.85
After-tax net Interest Rate,867,12.71
Cash Flow to Equity,827,12.13
Realized Sales Gross Profit Growth Rate,814,11.94
Long-term fund suitability ratio (A),810,11.88
Continuous interest rate (after tax),806,11.82
Total assets to GNP price,797,11.69
Net Value Growth Rate,792,11.61
Pre-tax net Interest Rate,773,11.34
Revenue per person,729,10.69
Cash/Current Liability,728,10.68
Operating Profit Rate,716,10.5
Allocation rate per person,693,10.16
Total Asset Return Growth Rate Ratio,674,9.88
Accounts Receivable Turnover,659,9.66
Operating Funds to Liability,657,9.63
Retained Earnings to Total Assets,633,9.28
Long-term Liability to Current Assets,620,9.09
Cash Reinvestment %,617,9.05
Quick Assets/Current Liability,596,8.74
Quick Ratio,591,8.67
Current Ratio,589,8.64
Working capitcal Turnover Rate,578,8.48
Cash flow rate,576,8.45
Net Income to Stockholder's Equity,571,8.37
ROA(A) before interest and % after tax,561,8.23
Net Income to Total Assets,561,8.23
Equity to Liability,549,8.05
Cash Flow Per Share,532,7.8
Net Worth Turnover Rate (times),513,7.52
Per Share Net profit before tax (Yuan ¥),511,7.49
Persistent EPS in the Last Four Seasons,508,7.45
Cash/Total Assets,496,7.27
Current Liabilities/Equity,480,7.04
Current Liability to Equity,480,7.04
Revenue Per Share (Yuan ¥),478,7.01
Net profit before tax/Paid-in capital,476,6.98
Net Value Per Share (C),465,6.82
Net Value Per Share (A),464,6.8
Total income/Total expense,463,6.79
Net Value Per Share (B),457,6.7
Operating profit/Paid-in capital,446,6.54
Operating Profit Per Share (Yuan ¥),442,6.48
ROA(B) before interest and depreciation after tax,432,6.34
Inventory/Current Liability,426,6.25
Inventory and accounts receivable/Net value,421,6.17
Total debt/Total net worth,407,5.97
Equity to Long-term Liability,406,5.95
Liability to Equity,404,5.92
Interest-bearing debt interest rate,396,5.81
ROA(C) before interest and depreciation before interest,391,5.73
Total expense/Assets,372,5.46
Total Asset Turnover,351,5.15
CFO to Assets,342,5.02
Borrowing dependency,321,4.71
Operating Gross Margin,320,4.69
Gross Profit to Sales,320,4.69
Realized Sales Gross Margin,318,4.66
Current Liability to Current Assets,276,4.05
Average Collection Days,193,2.83
Research and development expense rate,182,2.67
Working Capital/Equity,153,2.24
Tax rate (A),120,1.76
Current Liability to Assets,95,1.39
Working Capital to Total Assets,75,1.1
Fixed Assets to Assets,62,0.91
Current Liabilities/Liability,40,0.59
Current Liability to Liability,40,0.59
Debt ratio %,30,0.44
Net worth/Assets,30,0.44
Liability-Assets Flag,8,0.12
Quick Assets/Total Assets,2,0.03
Operating Expense Rate,0,0.0
Inventory Turnover Rate (times),0,0.0
Current Assets/Total Assets,0,0.0
Cash Turnover Rate,0,0.0
Quick Asset Turnover Rate,0,0.0
Net Income Flag,0,0.0
