,count,mean,std,min,5%,25%,50%,75%,95%,max,skewness,kurtosis
Bankrupt?,6819.0,0.03226279513125092,0.17671017660774022,0.0,0.0,0.0,0.0,0.0,0.0,1.0,5.2953875158726404,26.048768912959876
ROA(C) before interest and depreciation before interest,6819.0,0.5051796332417815,0.06068563875428444,0.0,0.4130990103836589,0.476527080388047,0.502705601325988,0.535562813825379,0.601623360795593,1.0,-0.3239410032376897,6.390770201755304
ROA(A) before interest and % after tax,6819.0,0.5586249158750463,0.06562003103170726,0.0,0.45674334932403,0.53554295682512,0.559801569995639,0.58915721761884,0.653892280854775,1.0,-1.0337268374435982,9.03878483556222
ROA(B) before interest and depreciation after tax,6819.0,0.5535887093516657,0.06159480929187566,0.0,0.4601852347556082,0.527276620804112,0.552277959205525,0.584105144815033,0.6470046576369185,1.0,-0.7635637191791648,7.929073721709035
Operating Gross Margin,6819.0,0.6079480383703836,0.01693381254822146,0.0,0.5939960218509928,0.6004446590466855,0.605997492036495,0.613914152697502,0.6303946439124231,1.0,-8.043367962976834,365.5406713618406
Realized Sales Gross Margin,6819.0,0.6079294691769791,0.01691607005567578,0.0,0.5940724138428056,0.600433848859165,0.605975871661454,0.6138420847806975,0.6303449170498282,1.0,-8.066572143637043,367.0418297144066
Operating Profit Rate,6819.0,0.9987551277900442,0.013010025092984125,0.0,0.998720892209459,0.998969203197885,0.999022239374566,0.999094514164357,0.999262808698857,1.0,-70.23716436128285,5210.086057434661
Pre-tax net Interest Rate,6819.0,0.7971897524712905,0.012868988419884597,0.0,0.7969130846977045,0.797385863236893,0.797463610578231,0.797578848185589,0.79781186886486,1.0,-52.48286652280293,3053.033349419831
After-tax net Interest Rate,6819.0,0.8090835935135348,0.013600653945149043,0.0,0.8088698766041614,0.809311597146491,0.809375198550956,0.809469266134837,0.80966957475463,1.0,-52.99574381463863,3029.1157905263353
Non-industry income and expenditure/revenue,6819.0,0.303622923649734,0.011163439838128548,0.0,0.3031481766596679,0.30346627659685,0.303525492830123,0.303585192461218,0.3038776964836913,1.0,39.64168918755239,2649.428721536451
Continuous interest rate (after tax),6819.0,0.7813814325261418,0.012679004028913246,0.0,0.7811135803571149,0.7815668165898519,0.781634957112874,0.7817353784192015,0.7819441649115741,1.0,-53.200120791151186,3128.7341772015984
Operating Expense Rate,6819.0,1995347312.8028853,3237683890.5223837,0.0,0.0001106641246681,0.0001566874492428,0.0002777588583625,4145000000.0,8950000000.0,9990000000.0,1.2486733165601693,-0.08151166869999527
Research and development expense rate,6819.0,1950427306.0568295,2598291553.9983206,0.0,0.0,0.000128187953762,509000000.0,3450000000.0,7710000000.0,9980000000.0,1.2820432317125836,0.5935180951252859
Cash flow rate,6819.0,0.4674311857796612,0.017035517308785362,0.0,0.4543690395309629,0.4615577531181065,0.465079724549793,0.471003917029432,0.4875520662959325,1.0,3.990585538817217,257.0127577529456
Interest-bearing debt interest rate,6819.0,16448012.905942537,108275033.532824,0.0,0.0,0.0002030203020302,0.0003210321032103,0.0005325532553255,0.0012607260726071967,990000000.0,7.033376780370779,50.04947819968481
Tax rate (A),6819.0,0.11500074794142427,0.13866749672835132,0.0,0.0,0.0,0.0734892195566353,0.205840672132807,0.323008401660087,1.0,1.903875252639803,6.412338808013795
Net Value Per Share (B),6819.0,0.19066057949747392,0.033389768351330985,0.0,0.15426657115165832,0.173612574269942,0.184400151700308,0.199570182461759,0.24457882095149777,1.0,4.562322576989663,64.6769768495687
Net Value Per Share (A),6819.0,0.19063317896774643,0.033473514172429,0.0,0.15418229320298332,0.173612574269942,0.184400151700308,0.199570182461759,0.24464624331043794,1.0,4.518132057298601,64.06107743847966
Net Value Per Share (C),6819.0,0.1906723702531618,0.03348013767040907,0.0,0.15418229320298332,0.1736757827314485,0.184400151700308,0.199612321436096,0.24526147233576315,1.0,4.513740533156161,63.98976253162403
Persistent EPS in the Last Four Seasons,6819.0,0.22881285256452782,0.03326261307597689,0.0,0.192304055970502,0.214711165736976,0.22454382149948,0.2388200813085,0.276637988087359,1.0,5.13596305293763,81.62179021840292
Cash Flow Per Share,6819.0,0.32348191216983224,0.01761091295834377,0.0,0.3055775624248427,0.317747754120393,0.322487090613284,0.3286234703260945,0.343708000282945,1.0,8.018983552793829,353.0192205514455
Revenue Per Share (Yuan ¥),6819.0,1328640.6020960682,51707089.76790663,0.0,0.00568537592449743,0.01563138073415305,0.0273757127516373,0.0463572152396509,0.11073551431553148,3020000000.0,43.7690982625658,2127.811572204429
Operating Profit Per Share (Yuan ¥),6819.0,0.10909073887546925,0.027942244774416095,0.0,0.0831365523980132,0.0960833808321798,0.104226040224737,0.1161550362348345,0.14942594251282457,1.0,8.811855619678495,209.3654017963822
Per Share Net profit before tax (Yuan ¥),6819.0,0.18436057764203345,0.03318020898090537,0.0,0.149958574979288,0.170369812457634,0.179709271672818,0.193492505837162,0.23118174286359872,1.0,6.002590150781108,100.65873583703488
Realized Sales Gross Profit Growth Rate,6819.0,0.02240785447416587,0.012079270152911608,0.0,0.02197382313818826,0.022064532735505453,0.0221023731764072,0.022153148426612798,0.02246444827760095,1.0,77.92510905908482,6295.616592870354
Operating Profit Growth Rate,6819.0,0.8479799951688084,0.010752477405401351,0.0,0.8477224463018299,0.8479841081819834,0.848043533745768,0.8481225403945605,0.848559749731029,1.0,-71.68895016582744,5684.153243539675
After-tax Net Profit Growth Rate,6819.0,0.6891461185681318,0.013853022260934765,0.0,0.6880385787646842,0.6892699337448115,0.689438526343149,0.6896471679790515,0.6906124651994636,1.0,-25.58336694298504,1268.0532691998003
Regular Net Profit Growth Rate,6819.0,0.6891500117795616,0.0139102834140106,0.0,0.6880385643377974,0.689270265563206,0.689438555196922,0.6896470092832976,0.6906268632324215,1.0,-25.262840959449818,1247.6219738294922
Continuous Net Profit Growth Rate,6819.0,0.21763901299696697,0.01006296314611611,0.0,0.2174481296860826,0.2175795122117655,0.217598046961963,0.217621501194243,0.2177367491460449,1.0,67.09753430866733,5396.572181859231
Total Asset Growth Rate,6819.0,5508096595.248749,2897717771.1697035,0.0,0.00011599461852688,4860000000.0,6400000000.0,7390000000.0,9030000000.0,9990000000.0,-0.9187910949038905,-0.41665952702429543
Net Value Growth Rate,6819.0,1566212.055241067,114159389.51834548,0.0,0.00039153176036539,0.0004409688868264,0.0004619555222076,0.000499362141038,0.0006824125158004397,9330000000.0,80.29184419453097,6544.9153900061565
Total Asset Return Growth Rate Ratio,6819.0,0.2642475118758414,0.009634208862611605,0.0,0.26302212275916775,0.263758926420651,0.264049545034229,0.264388341065032,0.2655464640106926,1.0,62.499961053073136,5074.957173470536
Cash Reinvestment %,6819.0,0.37967667232266245,0.020736565809616806,0.0,0.3551646734473378,0.37474851905666695,0.380425468499683,0.386731120301032,0.40060262285309767,1.0,2.318244374516142,179.0532158732448
Current Ratio,6819.0,403284.954244977,33302155.825480215,0.0,0.004423948755230021,0.00755504663011965,0.0105871744549939,0.0162695280201934,0.037406685158548676,2750000000.0,82.57723657279894,6818.999999999998
Quick Ratio,6819.0,8376594.819684891,244684748.44687235,0.0,0.0016262272500988002,0.004725903227376101,0.0074124720675444,0.01224910697241505,0.031595521823809924,9230000000.0,31.644913015411564,1051.7233183833025
Interest Expense Ratio,6819.0,0.6309910117124214,0.011238461504050156,0.0,0.6294269599046585,0.63061225188696,0.630698209613567,0.631125258558102,0.633503136943329,1.0,-16.822554123130764,1741.3016540350882
Total debt/Total net worth,6819.0,4416336.714259365,168406905.28151134,0.0,0.00113889420840966,0.0030070491250148,0.005546284390702,0.00927329266179695,0.019955133641561592,9940000000.0,46.355335845692984,2348.240302316803
Debt ratio %,6819.0,0.11317708497306007,0.05392030606308283,0.0,0.03221876228194817,0.0728905281615624,0.111406717658796,0.148804305106267,0.202618133446201,1.0,0.98079611678978,10.729727262534775
Net worth/Assets,6819.0,0.8868229150269401,0.05392030606308284,0.0,0.797381866553799,0.8511956948937329,0.888593282341204,0.927109471838438,0.9677812377180524,1.0,-0.9807961167897898,10.729727262534793
Long-term fund suitability ratio (A),6819.0,0.00878273381503679,0.028152926049290605,0.0,0.0050122078287778106,0.0052436836906082,0.0056646361117639,0.00684743246553585,0.015952660448500747,1.0,24.96787271736492,741.3864280461478
Borrowing dependency,6819.0,0.37465429459872324,0.016286163355500444,0.0,0.36963718146295,0.3701678435547765,0.372624322553083,0.3762707372009225,0.3847602123095714,1.0,20.838890887338852,802.6464926904096
Contingent liabilities/Net worth,6819.0,0.0059682772664790325,0.012188361875857312,0.0,0.0053658477137564,0.0053658477137564,0.0053658477137564,0.00576435604952715,0.0074849493029150145,1.0,79.67062005225556,6491.885472505623
Operating profit/Paid-in capital,6819.0,0.10897668140338518,0.02778168598564047,0.0,0.08319409839269135,0.0961046786197013,0.104133079290635,0.115927337274252,0.14857589525624057,1.0,8.949387100606499,214.23313628156882
Net profit before tax/Paid-in capital,6819.0,0.18271502907673604,0.030784771508309793,0.0,0.15021416182791658,0.169376366789835,0.178455621747983,0.191606967800317,0.22592866299675748,1.0,6.379425570765882,120.99777362028755
Inventory and accounts receivable/Net value,6819.0,0.40245933052066923,0.013324079587932275,0.0,0.3949099907157202,0.3974026791778925,0.40013102490143,0.404550770809581,0.4170948644401366,1.0,13.112234234219,778.9544307990403
Total Asset Turnover,6819.0,0.14160561602172958,0.1011449684929233,0.0,0.0344827586206897,0.0764617691154423,0.118440779610195,0.176911544227886,0.33148425787106345,1.0,2.3409066223409676,9.506233123702605
Accounts Receivable Turnover,6819.0,12789705.237553563,278259836.9840667,0.0,0.0004686881803333,0.0007101336065656,0.0009678106580909,0.0014547594168788,0.004023819910117318,9740000000.0,25.84654655099649,730.8881628306647
Average Collection Days,6819.0,9826220.861191595,256358895.70533204,0.0,0.0016786996674024099,0.0043865304397204,0.0065725374332349,0.00897287558119175,0.013741274117591774,9730000000.0,30.58008623206861,989.7354450426537
Inventory Turnover Rate (times),6819.0,2149106056.607619,3247967014.047812,0.0,0.0001110134303321,0.0001728255554827,0.0007646742653862,4620000000.0,8900000000.0,9990000000.0,1.1372886202283368,-0.3237645030283218
Fixed Assets Turnover Frequency,6819.0,1008595981.8175156,2477557316.9201517,0.0,0.0001217961374737,0.0002330013064716,0.000593094234655,0.0036523711287173,7790000000.0,9990000000.0,2.349802853236018,4.090862086239142
Net Worth Turnover Rate (times),6819.0,0.038595054614951586,0.036680343560413615,0.0,0.0145161290322581,0.0217741935483871,0.0295161290322581,0.0429032258064516,0.09,1.0,8.9618483104736,157.03797372678366
Revenue per person,6819.0,2325854.266358276,136632654.3899363,0.0,0.004800023500727,0.010432854016421151,0.0186155134174464,0.0358547655068079,0.1263375585682185,8810000000.0,59.434479930512104,3571.0270387802907
Operating profit per person,6819.0,0.40067101508133507,0.032720144194699534,0.0,0.3814126772347976,0.392437981954275,0.395897876574478,0.40185093055335697,0.42919088216006,1.0,7.788299483017489,114.39423583623136
Allocation rate per person,6819.0,11255785.321742088,294506294.11677057,0.0,0.0007835426340734403,0.004120528997963601,0.0078443733586557,0.015020308976719,0.05134840858939846,9570000000.0,27.47614476109999,773.8112325412774
Working Capital to Total Assets,6819.0,0.814125170261333,0.0590544026482635,0.0,0.7264721884464891,0.774308962762401,0.81027522898466,0.8503828485419616,0.9197852538377422,1.0,-0.19231134759016005,5.5138002148064
Quick Assets/Total Assets,6819.0,0.4001318123650569,0.20199806668068215,0.0,0.09849287885463028,0.24197285659394002,0.386450924981744,0.540593673285078,0.7664831321571083,1.0,0.33731467553390343,-0.5631275506723155
Current Assets/Total Assets,6819.0,0.5222734467680338,0.21811182151419323,0.0,0.17811762255247932,0.35284541721511353,0.514829793890847,0.6890506806831516,0.8877072684096978,1.0,0.07589030532976256,-0.8030559626739624
Cash/Total Assets,6819.0,0.12409456048965214,0.13925058358332645,0.0,0.00793385604412666,0.03354322123979425,0.0748874639354301,0.1610731518633315,0.4179872676902547,1.0,2.2303602460630274,5.90986640621092
Quick Assets/Current Liability,6819.0,3592902.1968296515,171620908.60682163,0.0,0.00200767064121595,0.00523977582664085,0.0079088979804512,0.0129509103075746,0.03285341300689974,8820000000.0,47.94729978116933,2306.8703561682737
Cash/Current Liability,6819.0,37159994.147133335,510350903.16273063,0.0,0.0004811701404775902,0.0019730075415488497,0.0049038864700734,0.0128055731079178,0.056931202391759826,9650000000.0,14.863767667730757,229.39695207189294
Current Liability to Assets,6819.0,0.0906727945676238,0.05028985666891821,0.0,0.02545154402175533,0.0533012764320206,0.0827047949822228,0.1195229934695275,0.18647166156350925,1.0,1.6082034066471063,15.870087623439169
Operating Funds to Liability,6819.0,0.35382800412158655,0.035147184179188065,0.0,0.3241261396048468,0.34102297735578047,0.348596657106137,0.3609148870133705,0.40124726981089537,1.0,3.777297287701786,60.98173219547968
Inventory/Working Capital,6819.0,0.27739510610233165,0.010468846972945228,0.0,0.27652671093469616,0.2770339694810945,0.277177699032242,0.2774287054274715,0.2786721390669986,1.0,45.33224964551143,3441.470032229755
Inventory/Current Liability,6819.0,55806804.52577958,582051554.6194191,0.0,0.0003158911520306902,0.0031631476746991002,0.0064973353534734,0.011146766748190151,0.02549216880446868,9910000000.0,11.965588148251964,153.4177212306721
Current Liabilities/Liability,6819.0,0.7615988775853332,0.20667676768344223,0.0,0.36148839062211113,0.6269807662218725,0.806881404713333,0.942026693700069,0.9976801485609277,1.0,-0.8350469004780781,-0.0016292559796537986
Working Capital/Equity,6819.0,0.7358165257322183,0.011678026475599061,0.0,0.7298025753679126,0.733611818564342,0.736012732265696,0.738559910578823,0.7418088775250525,1.0,-36.20365404366997,2412.933187437684
Current Liabilities/Equity,6819.0,0.33140980061698827,0.013488027908897866,0.0,0.32696146657492053,0.328095841686878,0.329685133135929,0.332322404809702,0.3406930272284243,1.0,23.799164734548174,1171.460092252544
Long-term Liability to Current Assets,6819.0,54160038.13589435,570270621.9592104,0.0,0.0,0.0,0.0019746187761809,0.009005945944256601,0.035037925780726925,9540000000.0,12.401607114804376,164.8900136718652
Retained Earnings to Total Assets,6819.0,0.9347327541270043,0.025564221690643103,0.0,0.9027883685297452,0.9310965081459854,0.937672322031461,0.9448112860939986,0.9580502285460002,1.0,-11.139573972107833,303.6265730895294
Total income/Total expense,6819.0,0.002548945567386416,0.01209281469621801,0.0,0.00200474345056108,0.0022355962096577498,0.0023361709310448,0.0024918511193838,0.0029155933489426,1.0,82.33242377959915,6791.883496927187
Total expense/Assets,6819.0,0.02918409925586063,0.02714877679286165,0.0,0.0070570900696900404,0.01456705658927065,0.0226739487842648,0.035930137895265155,0.06962436582645488,1.0,9.481727551323877,259.6642157737628
Current Asset Turnover Rate,6819.0,1195855763.3089354,2821161238.262308,0.0,0.00010996610820091,0.00014562362973865,0.0001987815566631,0.0004525945407579,8730000000.0,10000000000.0,2.1159556384021165,2.793509248587132
Quick Asset Turnover Rate,6819.0,2163735272.034426,3374944402.166023,0.0,0.00010843995074507,0.00014171486236355001,0.0002247727878357,4900000000.0,9150000000.0,10000000000.0,1.1373534593747237,-0.3938953699684804
Working capitcal Turnover Rate,6819.0,0.5940062655659162,0.008959384178922204,0.0,0.5938809136107861,0.5939344215587965,0.593962767104877,0.5940023454696105,0.5941385782014504,1.0,-28.584610631201404,3458.06471106498
Cash Turnover Rate,6819.0,2471976967.444318,2938623226.6788445,0.0,0.00011727857978223,0.0002735337396781,1080000000.0,4510000000.0,8550000000.0,10000000000.0,0.9541170558810121,-0.3690317366310434
Cash Flow to Sales,6819.0,0.6715307810992098,0.0093413456183006,0.0,0.6715202450982442,0.671565259253275,0.671573958092574,0.671586580417158,0.6716395564358447,1.0,-47.86911211654488,4153.563290206698
Fixed Assets to Assets,6819.0,1220120.5015895537,100754158.71316808,0.0,0.01703427396951093,0.0853603651897917,0.196881048224411,0.3721999782647555,0.6426935283770739,8320000000.0,82.57723657279898,6819.000000000002
Current Liability to Liability,6819.0,0.7615988775853332,0.20667676768344223,0.0,0.36148839062211113,0.6269807662218725,0.806881404713333,0.942026693700069,0.9976801485609277,1.0,-0.8350469004780781,-0.0016292559796537986
Current Liability to Equity,6819.0,0.33140980061698827,0.013488027908897866,0.0,0.32696146657492053,0.328095841686878,0.329685133135929,0.332322404809702,0.3406930272284243,1.0,23.799164734548174,1171.460092252544
Equity to Long-term Liability,6819.0,0.11564465149636942,0.019529176275314197,0.0,0.110933233663468,0.110933233663468,0.112340004024972,0.117106091075626,0.12743197177828292,1.0,33.78993963057107,1381.155518332476
Cash Flow to Total Assets,6819.0,0.6497305901792364,0.04737213191450496,0.0,0.5875150041081718,0.633265319013864,0.645366460270721,0.6630618534616091,0.7292475536048619,1.0,-0.22815767309072998,16.56110253835962
Cash Flow to Liability,6819.0,0.4618492532922571,0.029942680345244794,0.0,0.4410111943683283,0.4571164765642225,0.459750137932885,0.46423584697152853,0.48946582701663993,1.0,1.0079627367748654,84.85388453759073
CFO to Assets,6819.0,0.5934150861096208,0.05856055014224858,0.0,0.5026635808522332,0.5659869401753586,0.593266274083544,0.6247688757833555,0.6812584859600562,1.0,-0.4437624611401986,7.047984672693275
Cash Flow to Equity,6819.0,0.3155823898995751,0.01296089240164725,0.0,0.3059252264188001,0.312994699600273,0.314952752072916,0.317707188742567,0.327093717975429,1.0,19.943488151697377,1249.738761923984
Current Liability to Current Assets,6819.0,0.031506365747440736,0.030844688453563848,0.0,0.00775517668424042,0.018033665707965,0.0275971428517009,0.0383746158541899,0.06425132425488286,1.0,13.188660546091514,310.9992345859699
Liability-Assets Flag,6819.0,0.001173192550227306,0.034234310865302146,0.0,0.0,0.0,0.0,0.0,0.0,1.0,29.15047171886589,847.9987178016446
Net Income to Total Assets,6819.0,0.8077602200365486,0.040332191531426226,0.0,0.7476647523831397,0.7967498491931705,0.810619042075101,0.8264545295408715,0.8588526740197125,1.0,-3.6840967759613386,43.73442461558547
Total assets to GNP price,6819.0,18629417.81183602,376450059.7458224,0.0,0.00034299003748551,0.0009036204813306,0.0020852127088157,0.0052697768568805,0.029876667434807165,9820000000.0,21.75898297422601,491.14324462558903
No-credit Interval,6819.0,0.623914574767534,0.012289548007412282,0.0,0.6216994710162951,0.623636304973909,0.623879225987712,0.6241681927893561,0.6253678147160312,1.0,-11.585565139631989,1240.5333884003533
Gross Profit to Sales,6819.0,0.607946340270717,0.016933807795673647,0.0,0.5939955976114853,0.6004428952063054,0.605998288167218,0.613913271038147,0.6303936930781222,1.0,-8.043224607444369,365.53710487381466
Net Income to Stockholder's Equity,6819.0,0.8404020646301005,0.01452252608252491,0.0,0.8357979770893239,0.8401148040637195,0.841178760250192,0.8423569700412374,0.8443430766672346,1.0,-37.96470114027043,1944.7091685726564
Liability to Equity,6819.0,0.2803651538333931,0.014463223575594045,0.0,0.2755735123589905,0.276944242646329,0.278777583629637,0.2814491856088265,0.2888978502855179,1.0,27.4594671425143,1209.2034913763239
Degree of Financial Leverage (DFL),6819.0,0.027541119421203627,0.01566794186642967,0.0,0.02645644013452271,0.0267911566924924,0.0268081258982465,0.026913184214613348,0.02794997187905527,1.0,45.724197115582406,2475.43340394474
Interest Coverage Ratio (Interest expense to EBIT),6819.0,0.5653579335465574,0.013214239761961918,0.0,0.5636159015377123,0.565158395757604,0.565251928758969,0.565724709506105,0.5683185317336469,1.0,-13.939527900794817,911.80090462008
Net Income Flag,6819.0,1.0,0.0,1.0,1.0,1.0,1.0,1.0,1.0,1.0,0.0,0.0
Equity to Liability,6819.0,0.047578356529497656,0.05001371618013796,0.0,0.01696791400865605,0.024476693570910098,0.0337976972031022,0.052837817459331596,0.1163769948827348,1.0,7.401100836024543,94.0661701812127
